WigleWifi-1.4,appRelease=2.42,model=Freifunk,release=8.1.0,device=dummy,display=OPM8.190305.001-myself5@M5TR,board=MSM8974,brand=Freifunk
MAC,SSID,AuthMode,FirstSeen,Channel,RSSI,CurrentLatitude,CurrentLongitude,AltitudeMeters,AccuracyMeters,Type
0a:55:71:d3:df:00,Freifunk,[ESS],2019-03-17 05:19:17,5,-45,50.8028446,7.20501959,0,0,WIFI
b2:b3:5a:1c:f2:e0,Freifunk,[ESS],2019-03-17 05:19:17,5,-45,50.76626122,7.17530072,0,0,WIFI
8e:58:3d:ac:73:d8,Freifunk,[ESS],2019-03-17 05:19:17,5,-45,50.64765091,7.01494217,0,0,WIFI
ca:ad:00:c9:7d:c0,Freifunk,[ESS],2019-03-17 05:19:17,5,-45,50.79382563,7.20693201,0,0,WIFI
1e:05:87:4a:2f:28,Freifunk,[ESS],2019-03-17 05:19:17,5,-45,50.79833873,7.21649677,0,0,WIFI
1a:6c:44:cf:d1:08,Freifunk,[ESS],2019-03-17 05:19:17,5,-45,50.62082575,7.02262133,0,0,WIFI
f6:7f:21:0c:9b:f0,Freifunk,[ESS],2019-03-17 05:19:17,5,-45,50.79278,7.2082,0,0,WIFI
72:cb:3a:02:3f:a8,Freifunk,[ESS],2019-03-17 05:19:17,5,-45,50.80825007,7.19438463,0,0,WIFI
ee:fd:81:9c:1d:40,Freifunk,[ESS],2019-03-17 05:19:17,5,-45,50.7781892,7.07716405,0,0,WIFI
12:b0:1e:3c:81:38,Freifunk,[ESS],2019-03-17 05:19:17,5,-45,50.81527335,7.15565085,0,0,WIFI
d6:8f:23:19:ce:d0,Freifunk,[ESS],2019-03-17 05:19:17,5,-45,50.802571,7.204293,0,0,WIFI
ae:f7:cd:bd:c5:e8,Freifunk,[ESS],2019-03-17 05:19:17,5,-45,50.757624,7.173285,0,0,WIFI
0e:b0:8b:2f:9e:60,Freifunk,[ESS],2019-03-17 05:19:17,5,-45,50.79123829,7.2054112,0,0,WIFI
5a:ac:e1:09:e3:b0,Freifunk,[ESS],2019-03-17 05:19:17,5,-45,50.802597,7.131248,0,0,WIFI
96:c3:29:d9:40:50,Freifunk,[ESS],2019-03-17 05:19:17,5,-45,50.79171,7.16598,0,0,WIFI
ee:04:97:43:05:d8,Freifunk,[ESS],2019-03-17 05:19:17,5,-45,50.642717,6.964345,0,0,WIFI
a2:55:9b:4c:be:50,Freifunk,[ESS],2019-03-17 05:19:17,5,-45,50.77531,7.71983,0,0,WIFI
0a:30:75:1f:ba:f8,Freifunk,[ESS],2019-03-17 05:19:17,5,-45,50.840569,7.212508,0,0,WIFI
b6:52:81:bc:5d:00,Freifunk,[ESS],2019-03-17 05:19:17,5,-45,50.61996126,6.96415186,0,0,WIFI
2a:e2:30:b8:ab:58,Freifunk,[ESS],2019-03-17 05:19:17,5,-45,50.62096529,6.96153134,0,0,WIFI
c6:71:36:c3:13:28,Freifunk,[ESS],2019-03-17 05:19:17,5,-45,50.813367,7.175139,0,0,WIFI
e6:a2:9d:ba:b3:28,Freifunk,[ESS],2019-03-17 05:19:17,5,-45,50.80211,7.11549,0,0,WIFI
d2:56:d6:7f:3e:30,Freifunk,[ESS],2019-03-17 05:19:17,5,-45,50.84219406,7.2145468,0,0,WIFI
2e:52:6c:e3:ad:e8,Freifunk,[ESS],2019-03-17 05:19:17,5,-45,50.81395656,7.15708315,0,0,WIFI
7e:a2:d2:d0:5b:88,Freifunk,[ESS],2019-03-17 05:19:17,5,-45,50.62561983,6.94128871,0,0,WIFI
ca:4c:1a:41:76:00,Freifunk,[ESS],2019-03-17 05:19:17,5,-45,50.95347966,6.63553566,0,0,WIFI
ee:55:6e:0b:a4:a0,Freifunk,[ESS],2019-03-17 05:19:17,5,-45,50.85252112,7.29895592,0,0,WIFI
7a:3c:eb:99:e3:d0,Freifunk,[ESS],2019-03-17 05:19:17,5,-45,50.705186,7.020792,0,0,WIFI
6e:14:81:eb:5f:a8,Freifunk,[ESS],2019-03-17 05:19:17,5,-45,50.853521,7.248071,0,0,WIFI
6e:b9:7c:ed:6e:d0,Freifunk,[ESS],2019-03-17 05:19:17,5,-45,50.705224,7.020909,0,0,WIFI
7a:7d:a9:e4:38:60,Freifunk,[ESS],2019-03-17 05:19:17,5,-45,50.8626766,7.21256733,0,0,WIFI
a2:c2:96:70:c8:c0,Freifunk,[ESS],2019-03-17 05:19:17,5,-45,50.79412,7.20906,0,0,WIFI
1e:cb:61:eb:aa:f8,Freifunk,[ESS],2019-03-17 05:19:17,5,-45,50.81555297,7.14109182,0,0,WIFI
2a:72:fb:67:f9:d8,Freifunk,[ESS],2019-03-17 05:19:17,5,-45,50.80216146,7.13101476,0,0,WIFI
0e:e9:27:59:55:20,Freifunk,[ESS],2019-03-17 05:19:17,5,-45,50.802756,7.204739,0,0,WIFI
ee:5a:d4:52:b7:50,Freifunk,[ESS],2019-03-17 05:19:17,5,-45,50.64303994,7.35355362,0,0,WIFI
2a:94:9c:2b:46:e0,Freifunk,[ESS],2019-03-17 05:19:17,5,-45,50.63114,7.02179,0,0,WIFI
02:7f:3a:c5:0d:68,Freifunk,[ESS],2019-03-17 05:19:17,5,-45,50.81590716,7.1080792,0,0,WIFI
8a:93:63:cf:8b:60,Freifunk,[ESS],2019-03-17 05:19:17,5,-45,50.853417,7.226826,0,0,WIFI
16:ec:8d:7d:ad:80,Freifunk,[ESS],2019-03-17 05:19:17,5,-45,50.83144289,7.2762242,0,0,WIFI
2e:9f:91:c9:c6:48,Freifunk,[ESS],2019-03-17 05:19:17,5,-45,50.84074931,7.21012652,0,0,WIFI
1e:8b:38:3e:22:90,Freifunk,[ESS],2019-03-17 05:19:17,5,-45,50.7900151,7.1642829,0,0,WIFI
96:db:02:a7:f3:68,Freifunk,[ESS],2019-03-17 05:19:17,5,-45,50.62313153,7.02152968,0,0,WIFI
ea:f3:d6:85:3b:80,Freifunk,[ESS],2019-03-17 05:19:17,5,-45,50.84204,7.21153,0,0,WIFI
12:78:04:3f:99:a0,Freifunk,[ESS],2019-03-17 05:19:17,5,-45,50.8421026,7.20894903,0,0,WIFI
ae:e5:66:82:91:e0,Freifunk,[ESS],2019-03-17 05:19:17,5,-45,50.84023271,7.20625609,0,0,WIFI
56:90:7e:2c:a3:48,Freifunk,[ESS],2019-03-17 05:19:17,5,-45,50.79385276,7.20743895,0,0,WIFI
46:40:b5:cb:47:20,Freifunk,[ESS],2019-03-17 05:19:17,5,-45,50.62195568,7.02255964,0,0,WIFI
c6:91:37:ec:3f:f0,Freifunk,[ESS],2019-03-17 05:19:17,5,-45,50.719765,6.918764,0,0,WIFI
1a:b3:aa:5c:95:20,Freifunk,[ESS],2019-03-17 05:19:17,5,-45,50.83048317,7.11451784,0,0,WIFI
fe:66:b1:15:27:20,Freifunk,[ESS],2019-03-17 05:19:17,5,-45,50.81489374,7.15828478,0,0,WIFI
a6:d2:fc:39:36:78,Freifunk,[ESS],2019-03-17 05:19:17,5,-45,50.77528,7.71975,0,0,WIFI
6e:3f:a1:ef:f8:48,Freifunk,[ESS],2019-03-17 05:19:17,5,-45,50.816122,7.159758,0,0,WIFI
5e:36:a5:23:2d:d8,Freifunk,[ESS],2019-03-17 05:19:17,5,-45,50.81399215,7.16035545,0,0,WIFI
2e:50:73:56:5e:68,Freifunk,[ESS],2019-03-17 05:19:17,5,-45,50.81415824,7.16191113,0,0,WIFI
0e:c7:ba:21:13:80,Freifunk,[ESS],2019-03-17 05:19:17,5,-45,50.862067,7.21246,0,0,WIFI
fe:d1:f5:82:29:b0,Freifunk,[ESS],2019-03-17 05:19:17,5,-45,50.825312,7.11154,0,0,WIFI
36:0a:76:02:d4:b0,Freifunk,[ESS],2019-03-17 05:19:17,5,-45,50.836274,7.203443,0,0,WIFI
fe:a6:18:7c:9c:78,Freifunk,[ESS],2019-03-17 05:19:17,5,-45,50.580142,6.94674969,0,0,WIFI
fe:e3:6b:36:f3:70,Freifunk,[ESS],2019-03-17 05:19:17,5,-45,50.80257677,7.2021094,0,0,WIFI
92:28:7c:1f:6d:a8,Freifunk,[ESS],2019-03-17 05:19:17,5,-45,50.6268578,7.0384172,0,0,WIFI
ba:7f:57:e3:74:58,Freifunk,[ESS],2019-03-17 05:19:17,5,-45,50.62340379,7.02133387,0,0,WIFI
fa:a1:79:33:ce:88,Freifunk,[ESS],2019-03-17 05:19:17,5,-45,50.857865,7.19387,0,0,WIFI
46:be:ec:06:0f:00,Freifunk,[ESS],2019-03-17 05:19:17,5,-45,50.75875,7.1651,0,0,WIFI
62:73:28:e1:04:08,Freifunk,[ESS],2019-03-17 05:19:17,5,-45,50.75938,7.16714,0,0,WIFI
ae:6f:fe:ad:21:f0,Freifunk,[ESS],2019-03-17 05:19:17,5,-45,50.62355353,6.92744315,0,0,WIFI
9e:10:66:a0:ed:a0,Freifunk,[ESS],2019-03-17 05:19:17,5,-45,50.81427094,7.16086373,0,0,WIFI
32:13:d0:d9:8b:c0,Freifunk,[ESS],2019-03-17 05:19:17,5,-45,50.6243652,7.02121854,0,0,WIFI
4e:72:ca:1d:95:70,Freifunk,[ESS],2019-03-17 05:19:17,5,-45,50.81556822,7.1560961,0,0,WIFI
8e:28:5c:a7:75:b0,Freifunk,[ESS],2019-03-17 05:19:17,5,-45,50.62066068,7.02318996,0,0,WIFI
d6:01:d0:45:97:a8,Freifunk,[ESS],2019-03-17 05:19:17,5,-45,50.840228,7.210422,0,0,WIFI
f2:c9:30:b6:4a:d0,Freifunk,[ESS],2019-03-17 05:19:17,5,-45,50.83219735,7.2820648,0,0,WIFI
fe:b3:9b:c6:45:18,Freifunk,[ESS],2019-03-17 05:19:17,5,-45,50.836348,7.018335,0,0,WIFI
56:a1:e8:e4:dc:18,Freifunk,[ESS],2019-03-17 05:19:17,5,-45,50.80215,7.1311,0,0,WIFI
22:ae:e8:d3:da:20,Freifunk,[ESS],2019-03-17 05:19:17,5,-45,50.80252931,7.13114619,0,0,WIFI
1e:d3:60:e4:af:00,Freifunk,[ESS],2019-03-17 05:19:17,5,-45,50.825298,7.11174,0,0,WIFI
be:97:a7:72:b8:68,Freifunk,[ESS],2019-03-17 05:19:17,5,-45,50.81610374,7.15317249,0,0,WIFI
ea:45:fc:ab:8e:20,Freifunk,[ESS],2019-03-17 05:19:17,5,-45,50.78992,7.16496,0,0,WIFI
1a:8c:71:38:91:60,Freifunk,[ESS],2019-03-17 05:19:17,5,-45,50.7918,7.16155,0,0,WIFI
ca:7a:fd:c6:5c:a8,Freifunk,[ESS],2019-03-17 05:19:17,5,-45,50.81558856,7.14800119,0,0,WIFI
fa:6a:65:9e:f9:08,Freifunk,[ESS],2019-03-17 05:19:17,5,-45,50.81506321,7.15705097,0,0,WIFI
9e:54:5f:9c:8d:10,Freifunk,[ESS],2019-03-17 05:19:17,5,-45,50.81304903,7.14257911,0,0,WIFI
b2:f7:35:17:e7:38,Freifunk,[ESS],2019-03-17 05:19:17,5,-45,50.81439719,7.13514537,0,0,WIFI
8e:5c:69:36:2a:c8,Freifunk,[ESS],2019-03-17 05:19:17,5,-45,50.7899,7.16426,0,0,WIFI
e6:df:4f:3c:e0:18,Freifunk,[ESS],2019-03-17 05:19:17,5,-45,50.81645,7.15231,0,0,WIFI
56:48:73:ba:bf:98,Freifunk,[ESS],2019-03-17 05:19:17,5,-45,50.62755389,6.95802033,0,0,WIFI
ea:ae:e3:57:f5:c0,Freifunk,[ESS],2019-03-17 05:19:17,5,-45,50.84094748,7.2114569,0,0,WIFI
2a:eb:4b:7c:3b:a8,Freifunk,[ESS],2019-03-17 05:19:17,5,-45,50.64539481,7.35375479,0,0,WIFI
be:3f:71:a4:c1:98,Freifunk,[ESS],2019-03-17 05:19:17,5,-45,50.8743421,7.22827644,0,0,WIFI
fe:51:62:c2:05:30,Freifunk,[ESS],2019-03-17 05:19:17,5,-45,50.62858328,6.94728613,0,0,WIFI
fe:23:e7:a6:d1:48,Freifunk,[ESS],2019-03-17 05:19:17,5,-45,50.85778,7.19405,0,0,WIFI
42:4d:12:da:40:28,Freifunk,[ESS],2019-03-17 05:19:17,5,-45,50.84057485,7.21055835,0,0,WIFI
06:76:52:05:8a:c8,Freifunk,[ESS],2019-03-17 05:19:17,5,-45,50.81231604,7.14713752,0,0,WIFI
f2:ac:dd:ac:14:88,Freifunk,[ESS],2019-03-17 05:19:17,5,-45,50.7796308,7.09562838,0,0,WIFI
e2:8c:d1:95:18:40,Freifunk,[ESS],2019-03-17 05:19:17,5,-45,50.79780311,7.61233181,0,0,WIFI
5e:01:f1:81:1d:f0,Freifunk,[ESS],2019-03-17 05:19:17,5,-45,50.70492293,7.02083767,0,0,WIFI
42:9f:6a:26:5d:e8,Freifunk,[ESS],2019-03-17 05:19:17,5,-45,50.77966,7.09527829,0,0,WIFI
f6:88:56:42:0b:08,Freifunk,[ESS],2019-03-17 05:19:17,5,-45,50.80036117,7.12861553,0,0,WIFI
26:91:c1:3f:18:68,Freifunk,[ESS],2019-03-17 05:19:17,5,-45,50.62390067,7.0216316,0,0,WIFI
b2:24:f0:b9:49:48,Freifunk,[ESS],2019-03-17 05:19:17,5,-45,50.81405655,7.15941668,0,0,WIFI
4a:3a:b4:a0:00:88,Freifunk,[ESS],2019-03-17 05:19:17,5,-45,50.84167578,7.21362948,0,0,WIFI
76:12:ff:3b:7f:18,Freifunk,[ESS],2019-03-17 05:19:17,5,-45,50.62865644,6.94740951,0,0,WIFI
ce:6d:49:99:03:68,Freifunk,[ESS],2019-03-17 05:19:17,5,-45,50.79372,7.69014,0,0,WIFI
8a:2c:7b:4a:68:98,Freifunk,[ESS],2019-03-17 05:19:17,5,-45,50.840351,7.212673,0,0,WIFI
26:58:d0:37:4f:c8,Freifunk,[ESS],2019-03-17 05:19:17,5,-45,50.622613,7.022017,0,0,WIFI
4a:15:fb:4a:f5:80,Freifunk,[ESS],2019-03-17 05:19:17,5,-45,50.76623,7.677797,0,0,WIFI
66:96:6f:4c:ac:70,Freifunk,[ESS],2019-03-17 05:19:17,5,-45,50.79418369,7.20771387,0,0,WIFI
16:b4:5d:da:08:08,Freifunk,[ESS],2019-03-17 05:19:17,5,-45,50.7717235,7.18572378,0,0,WIFI
52:dd:f7:0b:57:70,Freifunk,[ESS],2019-03-17 05:19:17,5,-45,50.81260246,7.18312204,0,0,WIFI
aa:2b:69:d9:8c:e8,Freifunk,[ESS],2019-03-17 05:19:17,5,-45,50.6268869,6.94657803,0,0,WIFI
66:fa:e6:1f:a0:e0,Freifunk,[ESS],2019-03-17 05:19:17,5,-45,50.62304475,6.92899346,0,0,WIFI
0e:98:70:4f:ac:f4,Freifunk,[ESS],2019-03-17 05:19:17,5,-45,50.79675021,7.20758378,0,0,WIFI
7e:fc:dc:fb:bf:70,Freifunk,[ESS],2019-03-17 05:19:17,5,-45,50.840211,7.206224,0,0,WIFI
16:f2:c3:93:a9:50,Freifunk,[ESS],2019-03-17 05:19:17,5,-45,50.782538,7.193814,0,0,WIFI
c2:e5:40:55:82:10,Freifunk,[ESS],2019-03-17 05:19:17,5,-45,50.85786,7.19419,0,0,WIFI
52:cd:58:ba:1e:10,Freifunk,[ESS],2019-03-17 05:19:17,5,-45,50.62306176,7.0212239,0,0,WIFI
b2:9f:db:0b:90:18,Freifunk,[ESS],2019-03-17 05:19:17,5,-45,50.62592384,6.9471839,0,0,WIFI
52:87:98:aa:5f:08,Freifunk,[ESS],2019-03-17 05:19:17,5,-45,50.6241,6.93808,0,0,WIFI
fe:e9:3c:96:d4:c8,Freifunk,[ESS],2019-03-17 05:19:17,5,-45,50.830082,6.896386,0,0,WIFI
d2:09:45:cf:e9:a8,Freifunk,[ESS],2019-03-17 05:19:17,5,-45,50.622523,7.021935,0,0,WIFI
5a:dd:4d:1c:58:c8,Freifunk,[ESS],2019-03-17 05:19:17,5,-45,50.83424387,7.20714237,0,0,WIFI
26:fe:23:2a:cf:28,Freifunk,[ESS],2019-03-17 05:19:17,5,-45,50.62343782,6.92749143,0,0,WIFI
06:de:00:d1:4f:48,Freifunk,[ESS],2019-03-17 05:19:17,5,-45,50.83878959,7.20772862,0,0,WIFI
6a:a7:d2:24:ff:88,Freifunk,[ESS],2019-03-17 05:19:17,5,-45,50.83703137,7.10607559,0,0,WIFI
7e:5e:a7:30:62:b0,Freifunk,[ESS],2019-03-17 05:19:17,5,-45,50.80264119,7.13111132,0,0,WIFI
b2:68:c8:ea:21:d8,Freifunk,[ESS],2019-03-17 05:19:17,5,-45,50.61968047,6.94199145,0,0,WIFI
ee:78:78:7f:eb:58,Freifunk,[ESS],2019-03-17 05:19:17,5,-45,50.62306516,6.92877889,0,0,WIFI
f2:12:58:09:55:28,Freifunk,[ESS],2019-03-17 05:19:17,5,-45,50.8023513,7.1288904,0,0,WIFI
96:0e:72:5e:56:d0,Freifunk,[ESS],2019-03-17 05:19:17,5,-45,50.782683,7.193946,0,0,WIFI
3e:65:2d:9d:d3:f0,Freifunk,[ESS],2019-03-17 05:19:17,5,-45,50.81488018,7.15436339,0,0,WIFI
1a:16:7c:c4:e0:c8,Freifunk,[ESS],2019-03-17 05:19:17,5,-45,50.81474,7.15315,0,0,WIFI
42:33:de:69:7d:e8,Freifunk,[ESS],2019-03-17 05:19:17,5,-45,50.81466326,7.15690613,0,0,WIFI
f6:1a:f0:1e:ed:78,Freifunk,[ESS],2019-03-17 05:19:17,5,-45,50.80748734,7.12396324,0,0,WIFI
32:2c:d6:d6:d1:b8,Freifunk,[ESS],2019-03-17 05:19:17,5,-45,51.3841,6.4645,0,0,WIFI
66:3e:04:ff:a2:30,Freifunk,[ESS],2019-03-17 05:19:17,5,-45,50.80321584,7.2010231,0,0,WIFI
ea:92:d8:6f:52:b0,Freifunk,[ESS],2019-03-17 05:19:17,5,-45,50.62441,6.94908,0,0,WIFI
be:5b:90:cc:f7:f0,Freifunk,[ESS],2019-03-17 05:19:17,5,-45,50.79383242,7.20750868,0,0,WIFI
2a:00:1d:f8:09:30,Freifunk,[ESS],2019-03-17 05:19:17,5,-45,50.81525,7.15409,0,0,WIFI
da:e3:1e:d8:de:80,Freifunk,[ESS],2019-03-17 05:19:17,5,-45,50.88062,7.055143,0,0,WIFI
46:d2:1a:06:cc:d8,Freifunk,[ESS],2019-03-17 05:19:17,5,-45,50.9844442,6.94228917,0,0,WIFI
ee:09:e6:36:45:90,Freifunk,[ESS],2019-03-17 05:19:17,5,-45,50.838205,7.12069,0,0,WIFI
ce:ed:93:09:69:b0,Freifunk,[ESS],2019-03-17 05:19:17,5,-45,50.6453693,7.353504,0,0,WIFI
c2:1d:9b:fa:5a:e0,Freifunk,[ESS],2019-03-17 05:19:17,5,-45,50.80809752,7.19462603,0,0,WIFI
4e:91:8c:eb:9e:98,Freifunk,[ESS],2019-03-17 05:19:17,5,-45,50.776661,7.209831,0,0,WIFI
2e:6a:36:03:83:30,Freifunk,[ESS],2019-03-17 05:19:17,5,-45,50.813515,7.174851,0,0,WIFI
62:78:2d:04:5e:70,Freifunk,[ESS],2019-03-17 05:19:17,5,-45,50.62217349,6.94241255,0,0,WIFI
52:92:ad:9e:cd:08,Freifunk,[ESS],2019-03-17 05:19:17,5,-45,50.80620932,7.25128233,0,0,WIFI
3e:84:c1:ca:12:b0,Freifunk,[ESS],2019-03-17 05:19:17,5,-45,50.62355524,6.92892373,0,0,WIFI
ce:70:bf:e2:6d:98,Freifunk,[ESS],2019-03-17 05:19:17,5,-45,50.855348,7.200524,0,0,WIFI
8e:a4:64:b5:d6:68,Freifunk,[ESS],2019-03-17 05:19:17,5,-45,50.80271408,7.20397085,0,0,WIFI
72:ed:7a:fd:8e:70,Freifunk,[ESS],2019-03-17 05:19:17,5,-45,50.6392025,7.02078402,0,0,WIFI
e6:b3:7b:eb:d0:a0,Freifunk,[ESS],2019-03-17 05:19:17,5,-45,50.76035,7.17126,0,0,WIFI
3a:c9:b4:b9:55:b0,Freifunk,[ESS],2019-03-17 05:19:17,5,-45,50.81715,7.17835,0,0,WIFI
62:ce:83:91:3b:78,Freifunk,[ESS],2019-03-17 05:19:17,5,-45,50.83894712,7.2108829,0,0,WIFI
5a:f7:f6:c6:67:a0,Freifunk,[ESS],2019-03-17 05:19:17,5,-45,50.83422039,7.2072646,0,0,WIFI
ca:a4:01:f6:7f:20,Freifunk,[ESS],2019-03-17 05:19:17,5,-45,50.6204854,6.9639802,0,0,WIFI
c2:66:2f:4e:df:08,Freifunk,[ESS],2019-03-17 05:19:17,5,-45,50.59469359,7.0066756,0,0,WIFI
b2:ac:da:ef:03:d8,Freifunk,[ESS],2019-03-17 05:19:17,5,-45,50.828888,7.207125,0,0,WIFI
7e:40:75:e4:ea:b8,Freifunk,[ESS],2019-03-17 05:19:17,5,-45,50.80341247,7.16231346,0,0,WIFI
66:f5:e1:4a:d3:48,Freifunk,[ESS],2019-03-17 05:19:17,5,-45,50.791656,7.207761,0,0,WIFI
e6:2e:46:ea:12:20,Freifunk,[ESS],2019-03-17 05:19:17,5,-45,50.80302429,7.16273993,0,0,WIFI
2a:d5:e6:6b:ca:b8,Freifunk,[ESS],2019-03-17 05:19:17,5,-45,50.81446074,7.13506356,0,0,WIFI
f2:46:88:cf:fe:08,Freifunk,[ESS],2019-03-17 05:19:17,5,-45,50.8403445,7.21015871,0,0,WIFI
42:70:71:d9:37:60,Freifunk,[ESS],2019-03-17 05:19:17,5,-45,50.8143616,7.16209352,0,0,WIFI
2e:3b:ea:2a:04:c0,Freifunk,[ESS],2019-03-17 05:19:17,5,-45,50.64307736,7.35364616,0,0,WIFI
f2:36:33:4e:b8:30,Freifunk,[ESS],2019-03-17 05:19:17,5,-45,50.62612803,6.94660485,0,0,WIFI
22:ca:88:52:9e:e8,Freifunk,[ESS],2019-03-17 05:19:17,5,-45,50.79707741,7.68904567,0,0,WIFI
4a:41:db:7d:8a:90,Freifunk,[ESS],2019-03-17 05:19:17,5,-45,50.8152903,7.32298851,0,0,WIFI
6a:c3:08:3c:53:48,Freifunk,[ESS],2019-03-17 05:19:17,5,-45,50.81346255,7.13785306,0,0,WIFI
86:1b:36:1f:c5:88,Freifunk,[ESS],2019-03-17 05:19:17,5,-45,50.81496492,7.15687394,0,0,WIFI
6e:d0:69:58:58:c8,Freifunk,[ESS],2019-03-17 05:19:17,5,-45,50.7899,7.16413,0,0,WIFI
e2:c3:9e:27:c1:c8,Freifunk,[ESS],2019-03-17 05:19:17,5,-45,50.758218,7.164783,0,0,WIFI
42:e4:29:40:84:60,Freifunk,[ESS],2019-03-17 05:19:17,5,-45,50.829887,6.897413,0,0,WIFI
fe:5f:a8:f3:37:e0,Freifunk,[ESS],2019-03-17 05:19:17,5,-45,50.79545,7.19079,0,0,WIFI
06:8a:d3:e8:b9:d8,Freifunk,[ESS],2019-03-17 05:19:17,5,-45,50.76558,7.67168,0,0,WIFI
da:e4:02:28:01:68,Freifunk,[ESS],2019-03-17 05:19:17,5,-45,50.81892965,7.14978218,0,0,WIFI
3a:92:20:c9:45:70,Freifunk,[ESS],2019-03-17 05:19:17,5,-45,50.870399,7.231469,0,0,WIFI
0e:1e:60:05:ab:30,Freifunk,[ESS],2019-03-17 05:19:17,5,-45,50.62428,6.949,0,0,WIFI
b6:7d:e9:86:2b:68,Freifunk,[ESS],2019-03-17 05:19:17,5,-45,50.83400259,7.27539003,0,0,WIFI
d6:3f:42:f2:4b:40,Freifunk,[ESS],2019-03-17 05:19:17,5,-45,50.578178,6.9487129,0,0,WIFI
f2:52:28:d0:3d:20,Freifunk,[ESS],2019-03-17 05:19:17,5,-45,50.81232,7.111533,0,0,WIFI
c2:b7:9b:d2:c0:98,Freifunk,[ESS],2019-03-17 05:19:17,5,-45,50.62172935,7.02186763,0,0,WIFI
22:e9:e0:92:fa:08,Freifunk,[ESS],2019-03-17 05:19:17,5,-45,50.62345654,7.02144653,0,0,WIFI
ea:3d:a1:3b:cc:48,Freifunk,[ESS],2019-03-17 05:19:17,5,-45,50.83597,7.207034,0,0,WIFI
ce:4e:4e:76:2c:d8,Freifunk,[ESS],2019-03-17 05:19:17,5,-45,50.82716,7.12283,0,0,WIFI
d6:a8:5b:ab:40:50,Freifunk,[ESS],2019-03-17 05:19:17,5,-45,50.840464,7.212326,0,0,WIFI
9a:c4:ce:f3:20:f0,Freifunk,[ESS],2019-03-17 05:19:17,5,-45,50.882758,7.254638,0,0,WIFI
32:97:1b:f6:83:18,Freifunk,[ESS],2019-03-17 05:19:17,5,-45,50.7930333,7.20654309,0,0,WIFI
4a:87:ef:08:d1:28,Freifunk,[ESS],2019-03-17 05:19:17,5,-45,50.80810091,7.19446242,0,0,WIFI
be:b5:83:2d:a6:c8,Freifunk,[ESS],2019-03-17 05:19:17,5,-45,50.887088,7.248968,0,0,WIFI
f2:59:40:81:9d:78,Freifunk,[ESS],2019-03-17 05:19:17,5,-45,50.62504584,6.95338011,0,0,WIFI
0e:00:6e:a8:83:78,Freifunk,[ESS],2019-03-17 05:19:17,5,-45,50.81719,7.1782,0,0,WIFI
92:16:bc:88:3e:70,Freifunk,[ESS],2019-03-17 05:19:17,5,-45,50.803449,7.150686,0,0,WIFI
36:2e:f0:d2:ca:10,Freifunk,[ESS],2019-03-17 05:19:17,5,-45,50.832166,7.282262,0,0,WIFI
86:64:4e:10:1b:f8,Freifunk,[ESS],2019-03-17 05:19:17,5,-45,50.75895,7.16572,0,0,WIFI
de:eb:69:c5:04:d0,Freifunk,[ESS],2019-03-17 05:19:17,5,-45,50.842077,7.214651,0,0,WIFI
3a:b7:f5:da:26:f8,Freifunk,[ESS],2019-03-17 05:19:17,5,-45,50.62195398,6.96122825,0,0,WIFI
16:0a:50:fb:b1:10,Freifunk,[ESS],2019-03-17 05:19:17,5,-45,50.75712,7.16344,0,0,WIFI
da:af:4f:a1:99:d8,Freifunk,[ESS],2019-03-17 05:19:17,5,-45,50.60454421,6.98822737,0,0,WIFI
b6:d2:36:dd:69:d0,Freifunk,[ESS],2019-03-17 05:19:17,5,-45,50.81497847,7.15846717,0,0,WIFI
0e:af:73:f1:d6:e8,Freifunk,[ESS],2019-03-17 05:19:17,5,-45,50.82217019,7.12008476,0,0,WIFI
da:95:c0:92:87:28,Freifunk,[ESS],2019-03-17 05:19:17,5,-45,50.84423914,7.20875177,0,0,WIFI
fe:e9:09:5c:a1:a0,Freifunk,[ESS],2019-03-17 05:19:17,5,-45,50.62064366,6.96204901,0,0,WIFI
8e:75:3a:06:82:88,Freifunk,[ESS],2019-03-17 05:19:17,5,-45,50.78794,7.17784,0,0,WIFI
c6:38:0f:93:85:38,Freifunk,[ESS],2019-03-17 05:19:17,5,-45,50.75862,7.16468,0,0,WIFI
9e:93:02:b8:ff:68,Freifunk,[ESS],2019-03-17 05:19:17,5,-45,50.79626364,7.22511202,0,0,WIFI
fa:34:e8:e6:01:08,Freifunk,[ESS],2019-03-17 05:19:17,5,-45,50.8098,7.1539,0,0,WIFI
3e:f0:87:3f:9b:d0,Freifunk,[ESS],2019-03-17 05:19:17,5,-45,50.6239347,7.02147603,0,0,WIFI
1e:5a:f9:7e:12:50,Freifunk,[ESS],2019-03-17 05:19:17,5,-45,50.61991361,6.96233869,0,0,WIFI
3a:b7:d5:29:81:98,Freifunk,[ESS],2019-03-17 05:19:17,5,-45,50.816696,7.155953,0,0,WIFI
42:d4:dc:3a:e8:18,Freifunk,[ESS],2019-03-17 05:19:17,5,-45,50.79356,7.16673,0,0,WIFI
ea:a4:86:00:e6:98,Freifunk,[ESS],2019-03-17 05:19:17,5,-45,50.817553,7.120686,0,0,WIFI
06:2f:f3:b3:91:00,Freifunk,[ESS],2019-03-17 05:19:17,5,-45,50.869389,7.105742,0,0,WIFI
96:e8:22:5c:21:80,Freifunk,[ESS],2019-03-17 05:19:17,5,-45,50.84184854,7.21463263,0,0,WIFI
62:e7:71:72:46:70,Freifunk,[ESS],2019-03-17 05:19:17,5,-45,50.84191629,7.21446097,0,0,WIFI
62:4e:36:5b:25:b8,Freifunk,[ESS],2019-03-17 05:19:17,5,-45,50.81419,7.16092,0,0,WIFI
b6:1c:41:6b:07:e0,Freifunk,[ESS],2019-03-17 05:19:17,5,-45,50.62130223,7.02221632,0,0,WIFI
96:78:aa:0d:38:b0,Freifunk,[ESS],2019-03-17 05:19:17,5,-45,50.62501861,6.95353836,0,0,WIFI
9e:57:04:a1:b4:c0,Freifunk,[ESS],2019-03-17 05:19:17,5,-45,50.81341,7.14309,0,0,WIFI
02:cd:6a:68:8a:38,Freifunk,[ESS],2019-03-17 05:19:17,5,-45,50.81496831,7.13195086,0,0,WIFI
62:dd:41:10:7e:f0,Freifunk,[ESS],2019-03-17 05:19:17,5,-45,50.84043258,7.21037596,0,0,WIFI
5a:14:40:5c:72:50,Freifunk,[ESS],2019-03-17 05:19:17,5,-45,50.797567,7.690159,0,0,WIFI
ee:9d:ca:f5:1a:50,Freifunk,[ESS],2019-03-17 05:19:17,5,-45,50.62603955,7.01801598,0,0,WIFI
02:ae:45:cf:d1:a0,Freifunk,[ESS],2019-03-17 05:19:17,5,-45,50.816159,7.155451,0,0,WIFI
76:50:18:c8:41:88,Freifunk,[ESS],2019-03-17 05:19:17,5,-45,50.84203316,7.21454948,0,0,WIFI
4a:22:7a:e6:df:40,Freifunk,[ESS],2019-03-17 05:19:17,5,-45,50.625984,7.039683,0,0,WIFI
66:0f:78:26:47:b8,Freifunk,[ESS],2019-03-17 05:19:17,5,-45,50.8174696,7.12526143,0,0,WIFI
5e:40:59:d2:29:98,Freifunk,[ESS],2019-03-17 05:19:17,5,-45,50.84215849,7.21475065,0,0,WIFI
8e:ae:1b:b6:a3:c0,Freifunk,[ESS],2019-03-17 05:19:17,5,-45,50.79947,7.12692,0,0,WIFI
c2:f8:0d:9b:0c:f0,Freifunk,[ESS],2019-03-17 05:19:17,5,-45,50.81368,7.156218,0,0,WIFI
52:80:f4:df:58:b8,Freifunk,[ESS],2019-03-17 05:19:17,5,-45,50.64300847,7.35347182,0,0,WIFI
76:c0:90:5b:05:68,Freifunk,[ESS],2019-03-17 05:19:17,5,-45,50.816605,7.156078,0,0,WIFI
8a:ba:c7:8d:5a:e8,Freifunk,[ESS],2019-03-17 05:19:17,5,-45,50.807129,7.21225,0,0,WIFI
66:73:ea:b0:65:b0,Freifunk,[ESS],2019-03-17 05:19:17,5,-45,50.81483,7.15311,0,0,WIFI
ce:78:23:50:8e:70,Freifunk,[ESS],2019-03-17 05:19:17,5,-45,50.81499712,7.15624362,0,0,WIFI
96:1c:bb:a4:50:08,Freifunk,[ESS],2019-03-17 05:19:17,5,-45,50.77578587,7.21556872,0,0,WIFI
76:e0:18:94:ec:70,Freifunk,[ESS],2019-03-17 05:19:17,5,-45,50.838954,7.209496,0,0,WIFI
8a:d6:12:fc:80:d0,Freifunk,[ESS],2019-03-17 05:19:17,5,-45,50.8253,7.11145,0,0,WIFI
c2:c8:02:a4:ed:f0,Freifunk,[ESS],2019-03-17 05:19:17,5,-45,50.62671693,6.9547749,0,0,WIFI
96:0a:ab:77:ba:70,Freifunk,[ESS],2019-03-17 05:19:17,5,-45,50.85776,7.19429,0,0,WIFI
a2:8a:48:67:55:d0,Freifunk,[ESS],2019-03-17 05:19:17,5,-45,50.81424467,7.12218493,0,0,WIFI
0e:89:d5:01:7d:a0,Freifunk,[ESS],2019-03-17 05:19:17,5,-45,50.8621,7.2134,0,0,WIFI
b6:d6:9b:24:13:80,Freifunk,[ESS],2019-03-17 05:19:17,5,-45,50.86283235,7.2124654,0,0,WIFI
d6:9c:61:6f:78:90,Freifunk,[ESS],2019-03-17 05:19:17,5,-45,50.62577,6.954121,0,0,WIFI
66:d4:81:f0:05:50,Freifunk,[ESS],2019-03-17 05:19:17,5,-45,50.8140091,7.16203988,0,0,WIFI
fe:3b:a1:a3:20:70,Freifunk,[ESS],2019-03-17 05:19:17,5,-45,50.83605229,7.20788151,0,0,WIFI
52:dd:33:2c:14:a0,Freifunk,[ESS],2019-03-17 05:19:17,5,-45,50.633638,7.04363644,0,0,WIFI
7a:75:8a:05:fb:b0,Freifunk,[ESS],2019-03-17 05:19:17,5,-45,50.83769,7.217714,0,0,WIFI
06:8c:5a:0a:58:98,Freifunk,[ESS],2019-03-17 05:19:17,5,-45,50.81449379,7.15707242,0,0,WIFI
22:78:0e:95:b4:68,Freifunk,[ESS],2019-03-17 05:19:17,5,-45,50.79392,7.69018,0,0,WIFI
ca:62:3d:7b:be:60,Freifunk,[ESS],2019-03-17 05:19:17,5,-45,50.83609633,7.21105456,0,0,WIFI
ee:99:0c:cc:6a:20,Freifunk,[ESS],2019-03-17 05:19:17,5,-45,50.62438222,6.94948554,0,0,WIFI
5a:59:fb:ec:7a:68,Freifunk,[ESS],2019-03-17 05:19:17,5,-45,50.984532,6.94232404,0,0,WIFI
ce:63:4b:bf:a2:d0,Freifunk,[ESS],2019-03-17 05:19:17,5,-45,50.840667,7.209817,0,0,WIFI
02:ca:f3:76:d3:18,Freifunk,[ESS],2019-03-17 05:19:17,5,-45,50.62481,6.94757,0,0,WIFI
9e:e7:fe:88:fa:88,Freifunk,[ESS],2019-03-17 05:19:17,5,-45,50.8165579,7.15194941,0,0,WIFI
2e:e4:1a:65:9f:e8,Freifunk,[ESS],2019-03-17 05:19:17,5,-45,50.84213817,7.21438587,0,0,WIFI
f2:1d:56:5c:42:40,Freifunk,[ESS],2019-03-17 05:19:17,5,-45,50.85472748,7.27641731,0,0,WIFI
22:bf:3f:90:f2:80,Freifunk,[ESS],2019-03-17 05:19:17,5,-45,51.567916,6.58512,0,0,WIFI
1a:76:2c:cc:eb:b8,Freifunk,[ESS],2019-03-17 05:19:17,5,-45,50.61972301,6.95623666,0,0,WIFI
52:a2:28:b5:62:28,Freifunk,[ESS],2019-03-17 05:19:17,5,-45,50.862753,7.211772,0,0,WIFI
b2:38:a7:34:c5:20,Freifunk,[ESS],2019-03-17 05:19:17,5,-45,50.82276493,7.11569801,0,0,WIFI
36:73:b5:00:8e:c8,Freifunk,[ESS],2019-03-17 05:19:17,5,-45,50.80707546,7.20496327,0,0,WIFI
ca:37:ac:95:34:58,Freifunk,[ESS],2019-03-17 05:19:17,5,-45,50.624701,6.947566,0,0,WIFI
c6:da:41:91:74:f8,Freifunk,[ESS],2019-03-17 05:19:17,5,-45,50.78214,7.18721,0,0,WIFI
f6:7a:f8:1c:0c:80,Freifunk,[ESS],2019-03-17 05:19:17,5,-45,50.7584037,7.15891622,0,0,WIFI
7a:9b:d1:4a:fb:48,Freifunk,[ESS],2019-03-17 05:19:17,5,-45,50.855454,7.200473,0,0,WIFI
56:31:7c:1c:41:58,Freifunk,[ESS],2019-03-17 05:19:17,5,-45,50.62094487,6.96169496,0,0,WIFI
1a:f5:38:9a:0d:f8,Freifunk,[ESS],2019-03-17 05:19:17,5,-45,50.62421887,7.02144921,0,0,WIFI
5a:35:fb:74:0a:e0,Freifunk,[ESS],2019-03-17 05:19:17,5,-45,50.84021069,7.2063151,0,0,WIFI
96:91:4e:91:2b:08,Freifunk,[ESS],2019-03-17 05:19:17,5,-45,50.81444125,7.15979621,0,0,WIFI
d2:22:51:36:b2:e8,Freifunk,[ESS],2019-03-17 05:19:17,5,-45,50.62091083,7.0227018,0,0,WIFI
d2:c0:32:35:d2:70,Freifunk,[ESS],2019-03-17 05:19:17,5,-45,50.84276992,7.21598983,0,0,WIFI
a2:2e:d4:c9:72:e0,Freifunk,[ESS],2019-03-17 05:19:17,5,-45,50.81676,7.15114,0,0,WIFI
62:a0:13:49:49:80,Freifunk,[ESS],2019-03-17 05:19:17,5,-45,50.79321696,7.2067979,0,0,WIFI
8a:3a:89:1a:17:40,Freifunk,[ESS],2019-03-17 05:19:17,5,-45,50.80285478,7.20444828,0,0,WIFI
3a:92:f6:ec:ca:90,Freifunk,[ESS],2019-03-17 05:19:17,5,-45,50.829797,6.895904,0,0,WIFI
42:6d:5e:5a:3d:30,Freifunk,[ESS],2019-03-17 05:19:17,5,-45,50.6221769,6.94231331,0,0,WIFI
ce:9c:da:6f:3c:f0,Freifunk,[ESS],2019-03-17 05:19:17,5,-45,50.81574786,7.12133735,0,0,WIFI
c6:a9:54:44:be:c0,Freifunk,[ESS],2019-03-17 05:19:17,5,-45,50.64310287,7.35353619,0,0,WIFI
66:ef:ea:f6:aa:38,Freifunk,[ESS],2019-03-17 05:19:17,5,-45,50.77746,7.10572,0,0,WIFI
c6:ac:e6:7f:51:28,Freifunk,[ESS],2019-03-17 05:19:17,5,-45,50.7955,7.1906,0,0,WIFI
7e:55:a3:c2:b8:10,Freifunk,[ESS],2019-03-17 05:19:17,5,-45,50.84054775,7.21059859,0,0,WIFI
66:c5:4b:41:fc:b0,Freifunk,[ESS],2019-03-17 05:19:17,5,-45,50.840179,7.206292,0,0,WIFI
26:f9:ef:c1:56:60,Freifunk,[ESS],2019-03-17 05:19:17,5,-45,50.84061,7.33617,0,0,WIFI
ae:16:ec:e7:e1:e8,Freifunk,[ESS],2019-03-17 05:19:17,5,-45,50.625915,6.949262,0,0,WIFI
ee:4a:53:fb:98:60,Freifunk,[ESS],2019-03-17 05:19:17,5,-45,50.81435,7.12217,0,0,WIFI
36:85:33:e3:fc:38,Freifunk,[ESS],2019-03-17 05:19:17,5,-45,50.80201568,7.13103622,0,0,WIFI
a2:25:c1:6e:a6:38,Freifunk,[ESS],2019-03-17 05:19:17,5,-45,50.62424,6.95725,0,0,WIFI
42:46:7b:ba:59:58,Freifunk,[ESS],2019-03-17 05:19:17,5,-45,50.62335785,6.92883253,0,0,WIFI
c6:49:3a:cc:69:18,Freifunk,[ESS],2019-03-17 05:19:17,5,-45,50.809795,7.118119,0,0,WIFI
ca:9b:4d:cb:f2:68,Freifunk,[ESS],2019-03-17 05:19:17,5,-45,50.829825,7.11651742,0,0,WIFI
96:ed:97:f4:62:78,Freifunk,[ESS],2019-03-17 05:19:17,5,-45,50.62236068,6.96082324,0,0,WIFI
42:43:49:ab:4e:10,Freifunk,[ESS],2019-03-17 05:19:17,5,-45,50.814316,7.12208569,0,0,WIFI
22:c6:94:01:32:b0,Freifunk,[ESS],2019-03-17 05:19:17,5,-45,50.62702132,6.94895983,0,0,WIFI
06:f3:0a:cf:c8:f8,Freifunk,[ESS],2019-03-17 05:19:17,5,-45,50.75906,7.16607,0,0,WIFI
1a:03:0e:66:29:30,Freifunk,[ESS],2019-03-17 05:19:17,5,-45,50.79336786,7.20659405,0,0,WIFI
a2:d5:7d:f4:3d:80,Freifunk,[ESS],2019-03-17 05:19:17,5,-45,50.80186,7.11528,0,0,WIFI
f6:35:9e:7b:9e:f8,Freifunk,[ESS],2019-03-17 05:19:17,5,-45,50.634494,6.948634,0,0,WIFI
be:52:22:a1:30:88,Freifunk,[ESS],2019-03-17 05:19:17,5,-45,50.80819074,7.19447851,0,0,WIFI
f6:a3:2a:30:86:68,Freifunk,[ESS],2019-03-17 05:19:17,5,-45,50.802275,7.260084,0,0,WIFI
3e:a4:9f:60:82:90,Freifunk,[ESS],2019-03-17 05:19:17,5,-45,50.60310063,6.98329479,0,0,WIFI
0e:b2:fa:db:a4:40,Freifunk,[ESS],2019-03-17 05:19:17,5,-45,50.77504,7.20534,0,0,WIFI
d6:17:3a:f9:60:d0,Freifunk,[ESS],2019-03-17 05:19:17,5,-45,50.8422923,7.21479624,0,0,WIFI
d6:1c:65:68:b8:88,Freifunk,[ESS],2019-03-17 05:19:17,5,-45,50.62432,6.94894,0,0,WIFI
f6:52:b8:7b:f2:58,Freifunk,[ESS],2019-03-17 05:19:17,5,-45,50.6232,6.9285,0,0,WIFI
a2:36:40:0e:f5:18,Freifunk,[ESS],2019-03-17 05:19:17,5,-45,50.80223096,7.19246954,0,0,WIFI
9a:b4:12:45:fe:08,Freifunk,[ESS],2019-03-17 05:19:17,5,-45,50.78618,7.69774,0,0,WIFI
7a:19:5e:40:5c:60,Freifunk,[ESS],2019-03-17 05:19:17,5,-45,50.84107451,7.20215768,0,0,WIFI
fe:47:d5:cb:dd:70,Freifunk,[ESS],2019-03-17 05:19:17,5,-45,50.83023075,7.1143797,0,0,WIFI
46:56:58:91:26:90,Freifunk,[ESS],2019-03-17 05:19:17,5,-45,50.79381546,7.20668793,0,0,WIFI
26:d2:dd:97:4f:20,Freifunk,[ESS],2019-03-17 05:19:17,5,-45,50.79368,7.20951,0,0,WIFI
0e:8a:af:aa:be:98,Freifunk,[ESS],2019-03-17 05:19:17,5,-45,50.797115,7.69002,0,0,WIFI
aa:ba:e7:c0:2f:30,Freifunk,[ESS],2019-03-17 05:19:17,5,-45,50.5796881,6.9279078,0,0,WIFI
d6:e7:46:8c:10:58,Freifunk,[ESS],2019-03-17 05:19:17,5,-45,50.776649,7.20997,0,0,WIFI
1a:cb:1b:a4:e3:00,Freifunk,[ESS],2019-03-17 05:19:17,5,-45,50.814315,7.17106,0,0,WIFI
86:d4:f7:cc:cc:e0,Freifunk,[ESS],2019-03-17 05:19:17,5,-45,50.62061303,7.02345014,0,0,WIFI
92:cd:74:71:6c:78,Freifunk,[ESS],2019-03-17 05:19:17,5,-45,50.928107,6.704831,0,0,WIFI
86:83:72:9c:8f:f0,Freifunk,[ESS],2019-03-17 05:19:17,5,-45,50.79314575,7.20705271,0,0,WIFI
ae:e5:b6:5d:be:88,Freifunk,[ESS],2019-03-17 05:19:17,5,-45,50.8144125,7.1446782,0,0,WIFI
66:43:a1:a4:ea:f8,Freifunk,[ESS],2019-03-17 05:19:17,5,-45,50.81342272,7.16191649,0,0,WIFI
76:ee:da:50:32:60,Freifunk,[ESS],2019-03-17 05:19:17,5,-45,50.61977066,6.95627153,0,0,WIFI
3a:dc:63:d7:97:58,Freifunk,[ESS],2019-03-17 05:19:17,5,-45,50.84207381,7.21431613,0,0,WIFI
ce:b0:34:7f:d6:28,Freifunk,[ESS],2019-03-17 05:19:17,5,-45,50.80804667,7.19457507,0,0,WIFI
4e:51:83:35:d2:88,Freifunk,[ESS],2019-03-17 05:19:17,5,-45,50.80826532,7.19433367,0,0,WIFI
5a:68:fd:98:75:f8,Freifunk,[ESS],2019-03-17 05:19:17,5,-45,50.84077133,7.21093655,0,0,WIFI
32:7e:67:4d:5e:30,Freifunk,[ESS],2019-03-17 05:19:17,5,-45,50.81545383,7.14122325,0,0,WIFI
d6:5a:3c:3f:e9:78,Freifunk,[ESS],2019-03-17 05:19:17,5,-45,51.018857,6.759059,0,0,WIFI
e2:fa:2f:cc:3e:f0,Freifunk,[ESS],2019-03-17 05:19:17,5,-45,50.797017,7.68868,0,0,WIFI
16:80:6c:b5:af:28,Freifunk,[ESS],2019-03-17 05:19:17,5,-45,50.840833,7.20985,0,0,WIFI
da:73:bb:c7:b0:30,Freifunk,[ESS],2019-03-17 05:19:17,5,-45,50.90023,7.33744,0,0,WIFI
e6:89:3a:bb:1d:58,Freifunk,[ESS],2019-03-17 05:19:17,5,-45,50.80483465,7.15382159,0,0,WIFI
62:10:df:6c:45:68,Freifunk,[ESS],2019-03-17 05:19:17,5,-45,50.8410237,7.2113201,0,0,WIFI
9e:80:bf:61:ad:e8,Freifunk,[ESS],2019-03-17 05:19:17,5,-45,50.82156871,7.16596788,0,0,WIFI
22:f9:f2:55:df:88,Freifunk,[ESS],2019-03-17 05:19:17,5,-45,50.80356148,7.16236158,0,0,WIFI
e2:2e:ce:1b:f4:30,Freifunk,[ESS],2019-03-17 05:19:17,5,-45,50.62541678,6.95340157,0,0,WIFI
7a:30:b2:ed:c8:d8,Freifunk,[ESS],2019-03-17 05:19:17,5,-45,50.81453,7.15959,0,0,WIFI
b2:25:7f:f7:37:50,Freifunk,[ESS],2019-03-17 05:19:17,5,-45,50.78587,7.19888,0,0,WIFI
aa:ae:90:c2:4f:58,Freifunk,[ESS],2019-03-17 05:19:17,5,-45,50.627053,6.954966,0,0,WIFI
52:8a:29:01:2a:20,Freifunk,[ESS],2019-03-17 05:19:17,5,-45,50.85776,7.19388,0,0,WIFI
e2:5e:04:0c:37:c8,Freifunk,[ESS],2019-03-17 05:19:17,5,-45,50.782744,7.193727,0,0,WIFI
4a:5a:14:e9:b4:e0,Freifunk,[ESS],2019-03-17 05:19:17,5,-45,50.6231009,6.9285053,0,0,WIFI
8a:40:ba:70:fc:90,Freifunk,[ESS],2019-03-17 05:19:17,5,-45,50.62853223,6.9475919,0,0,WIFI
5a:57:9e:42:96:b0,Freifunk,[ESS],2019-03-17 05:19:17,5,-45,50.8134,7.1747,0,0,WIFI
9a:42:5e:bb:93:98,Freifunk,[ESS],2019-03-17 05:19:17,5,-45,50.89619531,8.02850604,0,0,WIFI
ee:99:64:03:49:58,Freifunk,[ESS],2019-03-17 05:19:17,5,-45,50.82586051,7.2044161,0,0,WIFI
46:48:4a:e4:74:08,Freifunk,[ESS],2019-03-17 05:19:17,5,-45,50.85787851,7.22306013,0,0,WIFI
3e:b3:e0:37:cb:08,Freifunk,[ESS],2019-03-17 05:19:17,5,-45,50.76656998,7.17573524,0,0,WIFI
06:d0:9a:73:b9:f0,Freifunk,[ESS],2019-03-17 05:19:17,5,-45,50.58010794,6.9467275,0,0,WIFI
2e:f1:6b:fd:64:88,Freifunk,[ESS],2019-03-17 05:19:17,5,-45,50.80177,7.11535,0,0,WIFI
5a:ed:65:24:3b:18,Freifunk,[ESS],2019-03-17 05:19:17,5,-45,50.81440228,7.12203473,0,0,WIFI
56:9c:38:92:39:c8,Freifunk,[ESS],2019-03-17 05:19:17,5,-45,50.84098813,7.20206648,0,0,WIFI
f6:bf:c8:91:98:d8,Freifunk,[ESS],2019-03-17 05:19:17,5,-45,50.81547163,7.15543359,0,0,WIFI
4a:54:86:5d:a4:d0,Freifunk,[ESS],2019-03-17 05:19:17,5,-45,50.84490052,7.22014725,0,0,WIFI
46:cd:93:ee:c7:98,Freifunk,[ESS],2019-03-17 05:19:17,5,-45,50.81637996,7.15252608,0,0,WIFI
f6:9f:fd:67:33:b8,Freifunk,[ESS],2019-03-17 05:19:17,5,-45,50.61773531,6.95682675,0,0,WIFI
ae:d9:80:4b:89:88,Freifunk,[ESS],2019-03-17 05:19:17,5,-45,50.62879,6.94779,0,0,WIFI
e2:d7:34:2a:d1:88,Freifunk,[ESS],2019-03-17 05:19:17,5,-45,50.62787037,6.94105267,0,0,WIFI
7e:18:62:ec:48:b0,Freifunk,[ESS],2019-03-17 05:19:17,5,-45,50.88618589,7.25337714,0,0,WIFI
2e:23:59:ff:73:88,Freifunk,[ESS],2019-03-17 05:19:17,5,-45,50.79627551,7.22516835,0,0,WIFI
46:3b:2c:61:ed:a8,Freifunk,[ESS],2019-03-17 05:19:17,5,-45,51.44461268,11.96210504,0,0,WIFI
e2:f0:22:09:f8:40,Freifunk,[ESS],2019-03-17 05:19:17,5,-45,50.81998178,7.17872322,0,0,WIFI
9a:e8:40:dd:a0:e8,Freifunk,[ESS],2019-03-17 05:19:17,5,-45,50.87273678,8.05418819,0,0,WIFI
a6:2f:49:41:2e:10,Freifunk,[ESS],2019-03-17 05:19:17,5,-45,50.81178,7.11524,0,0,WIFI
5a:1d:b7:ea:e0:88,Freifunk,[ESS],2019-03-17 05:19:17,5,-45,50.899457,7.271898,0,0,WIFI
3a:4c:28:9d:f7:c8,Freifunk,[ESS],2019-03-17 05:19:17,5,-45,50.84104063,7.20534682,0,0,WIFI
6e:77:b7:bf:b7:20,Freifunk,[ESS],2019-03-17 05:19:17,5,-45,50.62270612,6.94205582,0,0,WIFI
e6:62:88:06:b8:c8,Freifunk,[ESS],2019-03-17 05:19:17,5,-45,50.81728,7.15322,0,0,WIFI
26:c4:ee:b5:66:30,Freifunk,[ESS],2019-03-17 05:19:17,5,-45,50.75886,7.16677,0,0,WIFI
1e:f0:ff:ec:48:00,Freifunk,[ESS],2019-03-17 05:19:17,5,-45,50.855763,7.199843,0,0,WIFI
ea:24:b8:5a:91:80,Freifunk,[ESS],2019-03-17 05:19:17,5,-45,50.78621,7.69772,0,0,WIFI
8a:6c:7d:45:6c:b8,Freifunk,[ESS],2019-03-17 05:19:17,5,-45,50.77970203,7.09556937,0,0,WIFI
22:bd:3a:4a:9c:60,Freifunk,[ESS],2019-03-17 05:19:17,5,-45,50.80206,7.11536,0,0,WIFI
06:57:93:92:09:78,Freifunk,[ESS],2019-03-17 05:19:17,5,-45,50.85735,7.199433,0,0,WIFI
4a:6d:6d:a7:8a:d0,Freifunk,[ESS],2019-03-17 05:19:17,5,-45,50.797806,7.207517,0,0,WIFI
f6:4d:4d:03:e4:d8,Freifunk,[ESS],2019-03-17 05:19:17,5,-45,50.75865,7.16548,0,0,WIFI
de:e5:5f:19:d5:08,Freifunk,[ESS],2019-03-17 05:19:17,5,-45,50.79882,7.12935,0,0,WIFI
12:dd:63:d7:1a:78,Freifunk,[ESS],2019-03-17 05:19:17,5,-45,50.62314344,7.02216804,0,0,WIFI
9e:fa:a0:ef:16:10,Freifunk,[ESS],2019-03-17 05:19:17,5,-45,50.899457,7.271792,0,0,WIFI
de:92:95:2a:cf:38,Freifunk,[ESS],2019-03-17 05:19:17,5,-45,50.79007,7.16421,0,0,WIFI
ea:d7:eb:e2:85:08,Freifunk,[ESS],2019-03-17 05:19:17,5,-45,50.61770638,6.95667654,0,0,WIFI
2a:87:4b:c5:28:b8,Freifunk,[ESS],2019-03-17 05:19:17,5,-45,50.813307,7.174762,0,0,WIFI
1e:07:1c:33:bb:68,Freifunk,[ESS],2019-03-17 05:19:17,5,-45,50.79994414,7.12926596,0,0,WIFI
22:03:11:5a:65:c0,Freifunk,[ESS],2019-03-17 05:19:17,5,-45,50.81254,7.18295,0,0,WIFI
8e:05:04:93:5f:38,Freifunk,[ESS],2019-03-17 05:19:17,5,-45,50.6272153,6.9406001,0,0,WIFI
9e:37:a2:43:27:70,Freifunk,[ESS],2019-03-17 05:19:17,5,-45,50.62311621,7.0217818,0,0,WIFI
3a:6d:f2:d2:ee:58,Freifunk,[ESS],2019-03-17 05:19:17,5,-45,50.60317553,6.98338062,0,0,WIFI
ee:67:5b:de:62:48,Freifunk,[ESS],2019-03-17 05:19:17,5,-45,50.62286777,6.95917636,0,0,WIFI
ee:6e:27:1b:16:d8,Freifunk,[ESS],2019-03-17 05:19:17,5,-45,50.7931873,7.1191634,0,0,WIFI
8a:a5:30:1c:0d:b0,Freifunk,[ESS],2019-03-17 05:19:17,5,-45,50.62149282,6.96363419,0,0,WIFI
4e:6b:20:f2:df:00,Freifunk,[ESS],2019-03-17 05:19:17,5,-45,50.81005,7.1192,0,0,WIFI
b2:fa:12:aa:e7:60,Freifunk,[ESS],2019-03-17 05:19:17,5,-45,50.81570041,7.12138563,0,0,WIFI
4e:3b:d4:1b:a7:f8,Freifunk,[ESS],2019-03-17 05:19:17,5,-45,50.81525,7.1564,0,0,WIFI
32:b9:ca:d5:86:e8,Freifunk,[ESS],2019-03-17 05:19:17,5,-45,50.831524,7.276218,0,0,WIFI
ce:7b:c4:21:98:c0,Freifunk,[ESS],2019-03-17 05:19:17,5,-45,50.84093393,7.20215499,0,0,WIFI
ba:5f:a1:6d:42:f0,Freifunk,[ESS],2019-03-17 05:19:17,5,-45,50.81493272,7.1552217,0,0,WIFI
66:60:a9:f5:70:60,Freifunk,[ESS],2019-03-17 05:19:17,5,-45,50.82989615,7.11657375,0,0,WIFI
ea:60:32:bd:3a:90,Freifunk,[ESS],2019-03-17 05:19:17,5,-45,50.85259902,7.29912758,0,0,WIFI
e6:7a:e0:f4:be:18,Freifunk,[ESS],2019-03-17 05:19:17,5,-45,50.84205687,7.20904559,0,0,WIFI
5e:5a:09:2e:00:e0,Freifunk,[ESS],2019-03-17 05:19:17,5,-45,50.757581,7.173089,0,0,WIFI
36:f0:c5:27:14:60,Freifunk,[ESS],2019-03-17 05:19:17,5,-45,50.8386236,7.21059322,0,0,WIFI
66:a0:7f:79:e6:18,Freifunk,[ESS],2019-03-17 05:19:17,5,-45,50.83383,7.030386,0,0,WIFI
62:6c:87:85:10:a8,Freifunk,[ESS],2019-03-17 05:19:17,5,-45,50.62672526,6.95014,0,0,WIFI
6e:5d:13:be:8b:98,Freifunk,[ESS],2019-03-17 05:19:17,5,-45,50.86288653,7.21405,0,0,WIFI
3e:d0:df:da:8d:a8,Freifunk,[ESS],2019-03-17 05:19:17,5,-45,50.82879494,7.12559938,0,0,WIFI
1a:b2:05:a6:c3:68,Freifunk,[ESS],2019-03-17 05:19:17,5,-45,50.81768199,7.14914382,0,0,WIFI
06:81:97:7b:3b:88,Freifunk,[ESS],2019-03-17 05:19:17,5,-45,50.79593304,7.20768571,0,0,WIFI
86:37:a9:06:d6:08,Freifunk,[ESS],2019-03-17 05:19:17,5,-45,50.79983,7.21167,0,0,WIFI
22:4c:2b:de:3a:20,Freifunk,[ESS],2019-03-17 05:19:17,5,-45,50.797475,7.690035,0,0,WIFI
b2:bb:01:49:d3:d8,Freifunk,[ESS],2019-03-17 05:19:17,5,-45,50.78983,7.1644,0,0,WIFI
f6:a5:b8:7b:68:e8,Freifunk,[ESS],2019-03-17 05:19:17,5,-45,50.625966,6.948778,0,0,WIFI
b2:ac:00:01:c0:c0,Freifunk,[ESS],2019-03-17 05:19:17,5,-45,50.790305,7.1650305,0,0,WIFI
0e:c7:0b:7b:c1:08,Freifunk,[ESS],2019-03-17 05:19:17,5,-45,50.79721473,7.1209538,0,0,WIFI
5e:be:44:c6:f3:b8,Freifunk,[ESS],2019-03-17 05:19:17,5,-45,50.757581,7.173089,0,0,WIFI
22:e8:8e:6b:cc:18,Freifunk,[ESS],2019-03-17 05:19:17,5,-45,50.84006841,7.20910191,0,0,WIFI
5a:05:1c:c4:a5:c0,Freifunk,[ESS],2019-03-17 05:19:17,5,-45,50.79375951,7.20705271,0,0,WIFI
c6:a7:02:15:f5:78,Freifunk,[ESS],2019-03-17 05:19:17,5,-45,50.625377,6.954687,0,0,WIFI
d2:c5:d4:08:5a:a0,Freifunk,[ESS],2019-03-17 05:19:17,5,-45,50.79774198,7.20734239,0,0,WIFI
7e:df:6a:5a:7a:78,Freifunk,[ESS],2019-03-17 05:19:17,5,-45,50.78098416,7.20694005,0,0,WIFI
5a:0f:66:65:11:98,Freifunk,[ESS],2019-03-17 05:19:17,5,-45,50.85779046,7.2230655,0,0,WIFI
be:17:ed:56:7e:50,Freifunk,[ESS],2019-03-17 05:19:17,5,-45,50.70154413,7.04301417,0,0,WIFI
22:58:c0:21:d0:a0,Freifunk,[ESS],2019-03-17 05:19:17,5,-45,50.77961,7.09516,0,0,WIFI
92:73:2a:8e:66:60,Freifunk,[ESS],2019-03-17 05:19:17,5,-45,50.7051728,7.0202748,0,0,WIFI
66:ee:04:62:80:08,Freifunk,[ESS],2019-03-17 05:19:17,5,-45,50.87035185,7.23147422,0,0,WIFI
ba:97:4c:58:45:68,Freifunk,[ESS],2019-03-17 05:19:17,5,-45,50.82867296,7.12569058,0,0,WIFI
8e:fe:30:e8:5d:b8,Freifunk,[ESS],2019-03-17 05:19:17,5,-45,50.830007,6.896382,0,0,WIFI
96:51:50:19:59:d8,Freifunk,[ESS],2019-03-17 05:19:17,5,-45,50.76367,7.17067,0,0,WIFI
9a:47:d7:65:61:68,Freifunk,[ESS],2019-03-17 05:19:17,5,-45,50.62602593,6.94925755,0,0,WIFI
a2:7a:a4:be:24:18,Freifunk,[ESS],2019-03-17 05:19:17,5,-45,50.61987107,7.02261731,0,0,WIFI
52:68:59:d6:2a:58,Freifunk,[ESS],2019-03-17 05:19:17,5,-45,50.81657485,7.15612024,0,0,WIFI
0a:e7:ab:6f:01:70,Freifunk,[ESS],2019-03-17 05:19:17,5,-45,50.6263237,6.95472658,0,0,WIFI
a6:73:41:d7:0a:90,Freifunk,[ESS],2019-03-17 05:19:17,5,-45,50.75938,7.16691,0,0,WIFI
be:b5:7c:22:01:40,Freifunk,[ESS],2019-03-17 05:19:17,5,-45,50.83,6.89652,0,0,WIFI
1a:f2:02:dd:2c:70,Freifunk,[ESS],2019-03-17 05:19:17,5,-45,50.81995382,7.17875004,0,0,WIFI
da:b5:7c:5c:8f:48,Freifunk,[ESS],2019-03-17 05:19:17,5,-45,50.8270081,7.1275574,0,0,WIFI
4a:e7:0f:4c:8b:00,Freifunk,[ESS],2019-03-17 05:19:17,5,-45,50.82239216,7.26244301,0,0,WIFI
b2:85:5a:90:79:d0,Freifunk,[ESS],2019-03-17 05:19:17,5,-45,50.802264,7.192669,0,0,WIFI
7e:86:bd:4d:1f:50,Freifunk,[ESS],2019-03-17 05:19:17,5,-45,50.82535053,7.11160094,0,0,WIFI
e6:ff:a1:2b:cd:88,Freifunk,[ESS],2019-03-17 05:19:17,5,-45,50.77011541,7.20168829,0,0,WIFI
7e:ee:e4:10:27:30,Freifunk,[ESS],2019-03-17 05:19:17,5,-45,50.62002763,6.94188416,0,0,WIFI
3e:ce:d3:72:f3:c0,Freifunk,[ESS],2019-03-17 05:19:17,5,-45,50.62140433,6.96346521,0,0,WIFI
66:25:4e:51:8d:08,Freifunk,[ESS],2019-03-17 05:19:17,5,-45,50.81305665,7.14284733,0,0,WIFI
92:08:0d:37:13:e0,Freifunk,[ESS],2019-03-17 05:19:17,5,-45,50.6273,7.03977,0,0,WIFI
56:79:06:54:ad:e0,Freifunk,[ESS],2019-03-17 05:19:17,5,-45,50.62633391,6.95461124,0,0,WIFI
1e:00:61:f4:52:08,Freifunk,[ESS],2019-03-17 05:19:17,5,-45,50.80061884,7.12911844,0,0,WIFI
7e:1d:03:57:86:80,Freifunk,[ESS],2019-03-17 05:19:17,5,-45,50.75861,7.16478,0,0,WIFI
c6:a3:77:f6:9e:d0,Freifunk,[ESS],2019-03-17 05:19:17,5,-45,50.62423758,6.9492656,0,0,WIFI
fa:65:5c:3c:15:10,Freifunk,[ESS],2019-03-17 05:19:17,5,-45,50.625377,6.954907,0,0,WIFI
fe:3e:ee:2e:fb:20,Freifunk,[ESS],2019-03-17 05:19:17,5,-45,50.80477362,7.15370894,0,0,WIFI
3a:d9:89:1f:27:18,Freifunk,[ESS],2019-03-17 05:19:17,5,-45,50.89489,7.2686,0,0,WIFI
46:25:52:ac:56:a8,Freifunk,[ESS],2019-03-17 05:19:17,5,-45,50.81501915,7.15698391,0,0,WIFI
3a:27:1c:da:87:70,Freifunk,[ESS],2019-03-17 05:19:17,5,-45,50.81761195,7.16510832,0,0,WIFI
26:7a:9a:53:38:78,Freifunk,[ESS],2019-03-17 05:19:17,5,-45,50.77956974,7.09523946,0,0,WIFI
36:f2:55:2d:b5:48,Freifunk,[ESS],2019-03-17 05:19:17,5,-45,50.7851,7.188,0,0,WIFI
46:0f:41:c1:8c:7c,Freifunk,[ESS],2019-03-17 05:19:17,5,-45,50.79549,7.19072,0,0,WIFI
c6:56:87:03:40:d0,Freifunk,[ESS],2019-03-17 05:19:17,5,-45,50.81269906,7.17263728,0,0,WIFI
3a:4d:e8:c6:79:d8,Freifunk,[ESS],2019-03-17 05:19:17,5,-45,50.7930135,7.20681667,0,0,WIFI
92:cc:b1:8b:d5:e0,Freifunk,[ESS],2019-03-17 05:19:17,5,-45,50.98464513,6.94231063,0,0,WIFI
22:2e:ac:0b:70:28,Freifunk,[ESS],2019-03-17 05:19:17,5,-45,50.625704,7.0198183,0,0,WIFI
96:3e:ff:cc:82:80,Freifunk,[ESS],2019-03-17 05:19:17,5,-45,50.79697,7.68867,0,0,WIFI
aa:11:c6:96:77:88,Freifunk,[ESS],2019-03-17 05:19:17,5,-45,51.019162,6.758535,0,0,WIFI
ce:e8:56:f8:ef:98,Freifunk,[ESS],2019-03-17 05:19:17,5,-45,50.62436,6.94893,0,0,WIFI
5a:db:5b:a8:5b:e0,Freifunk,[ESS],2019-03-17 05:19:17,5,-45,50.830435,7.114563,0,0,WIFI
a2:3e:0b:f3:88:80,Freifunk,[ESS],2019-03-17 05:19:17,5,-45,50.627976,6.95138,0,0,WIFI
b2:cc:05:61:13:a8,Freifunk,[ESS],2019-03-17 05:19:17,5,-45,50.80250219,7.13104695,0,0,WIFI
4e:94:25:3d:e9:28,Freifunk,[ESS],2019-03-17 05:19:17,5,-45,50.580142,6.94665313,0,0,WIFI
16:8f:63:b6:62:98,Freifunk,[ESS],2019-03-17 05:19:17,5,-45,50.77970203,7.09575176,0,0,WIFI
a6:39:c5:60:41:20,Freifunk,[ESS],2019-03-17 05:19:17,5,-45,50.853545,7.248722,0,0,WIFI
4a:89:7a:ba:e2:f8,Freifunk,[ESS],2019-03-17 05:19:17,5,-45,50.85346599,7.24807978,0,0,WIFI
a2:d4:21:93:b3:88,Freifunk,[ESS],2019-03-17 05:19:17,5,-45,50.63810267,6.92357482,0,0,WIFI
82:f3:15:b2:51:40,Freifunk,[ESS],2019-03-17 05:19:17,5,-45,50.83970764,7.2091502,0,0,WIFI
72:6b:17:bd:ec:58,Freifunk,[ESS],2019-03-17 05:19:17,5,-45,50.84005656,7.20918238,0,0,WIFI
8a:9e:ed:78:aa:98,Freifunk,[ESS],2019-03-17 05:19:17,5,-45,50.796747,7.690204,0,0,WIFI
86:de:9b:9b:40:08,Freifunk,[ESS],2019-03-17 05:19:17,5,-45,50.7902803,7.10679173,0,0,WIFI
8a:b1:de:73:6d:18,Freifunk,[ESS],2019-03-17 05:19:17,5,-45,50.8629881,7.21388698,0,0,WIFI
d6:4c:fa:c1:a8:f8,Freifunk,[ESS],2019-03-17 05:19:17,5,-45,50.82083666,7.26388335,0,0,WIFI
f2:9b:cd:88:ec:b0,Freifunk,[ESS],2019-03-17 05:19:17,5,-45,50.6258,6.94813,0,0,WIFI
7e:ad:36:80:97:10,Freifunk,[ESS],2019-03-17 05:19:17,5,-45,50.84279024,7.21579671,0,0,WIFI
c6:95:dc:ad:66:d0,Freifunk,[ESS],2019-03-17 05:19:17,5,-45,50.64521537,7.35300243,0,0,WIFI
7a:cb:8c:06:53:f8,Freifunk,[ESS],2019-03-17 05:19:17,5,-45,50.830047,6.896472,0,0,WIFI
ee:b6:69:7d:f8:c8,Freifunk,[ESS],2019-03-17 05:19:17,5,-45,50.62323703,6.92785352,0,0,WIFI
aa:10:42:75:ca:80,Freifunk,[ESS],2019-03-17 05:19:17,5,-45,50.842019,7.214812,0,0,WIFI
ea:92:39:e9:9f:28,Freifunk,[ESS],2019-03-17 05:19:17,5,-45,50.801981,7.131218,0,0,WIFI
d6:a1:1b:d6:99:f8,Freifunk,[ESS],2019-03-17 05:19:17,5,-45,50.62377645,6.94306433,0,0,WIFI
96:f5:e6:5f:33:f0,Freifunk,[ESS],2019-03-17 05:19:17,5,-45,50.84048452,7.21262634,0,0,WIFI
56:31:75:9b:04:00,Freifunk,[ESS],2019-03-17 05:19:17,5,-45,50.62002593,6.96229577,0,0,WIFI
b2:e7:13:98:39:e0,Freifunk,[ESS],2019-03-17 05:19:17,5,-45,50.625809,6.948659,0,0,WIFI
e2:32:b6:6e:97:80,Freifunk,[ESS],2019-03-17 05:19:17,5,-45,50.81254,7.18295,0,0,WIFI
b6:43:55:c2:24:28,Freifunk,[ESS],2019-03-17 05:19:17,5,-45,50.6199017,6.96392119,0,0,WIFI
02:3e:ba:84:db:80,Freifunk,[ESS],2019-03-17 05:19:17,5,-45,50.84093562,7.20515639,0,0,WIFI
6e:06:a7:24:04:a8,Freifunk,[ESS],2019-03-17 05:19:17,5,-45,50.840079,7.210066,0,0,WIFI
66:f2:85:f3:dd:80,Freifunk,[ESS],2019-03-17 05:19:17,5,-45,50.79726,7.206444,0,0,WIFI
02:0a:c8:8a:c0:c0,Freifunk,[ESS],2019-03-17 05:19:17,5,-45,50.61966,7.04039,0,0,WIFI
9a:7f:c8:49:7d:00,Freifunk,[ESS],2019-03-17 05:19:17,5,-45,50.85534,7.20042,0,0,WIFI
26:07:23:f1:db:f8,Freifunk,[ESS],2019-03-17 05:19:17,5,-45,50.84284,7.34549,0,0,WIFI
e6:a4:92:e6:a0:bc,Freifunk,[ESS],2019-03-17 05:19:17,5,-45,50.79698417,7.19559968,0,0,WIFI
0a:ef:7c:bf:b2:18,Freifunk,[ESS],2019-03-17 05:19:17,5,-45,50.79801,7.216452,0,0,WIFI
de:7a:bf:d8:0b:14,Freifunk,[ESS],2019-03-17 05:19:17,5,-45,50.78505,7.1879,0,0,WIFI
b2:c2:f2:a8:d6:10,Freifunk,[ESS],2019-03-17 05:19:17,5,-45,50.83986855,7.20901072,0,0,WIFI
c6:33:64:bb:8e:e0,Freifunk,[ESS],2019-03-17 05:19:17,5,-45,50.84005486,7.21020967,0,0,WIFI
ce:53:ca:e1:9f:d8,Freifunk,[ESS],2019-03-17 05:19:17,5,-45,50.62207309,7.02308267,0,0,WIFI
3e:e8:1a:8d:7f:68,Freifunk,[ESS],2019-03-17 05:19:17,5,-45,50.8180553,7.0347097,0,0,WIFI
b6:86:11:87:04:68,Freifunk,[ESS],2019-03-17 05:19:17,5,-45,50.83368477,7.2751781,0,0,WIFI
56:31:7f:a5:24:d8,Freifunk,[ESS],2019-03-17 05:19:17,5,-45,50.82241176,7.26256907,0,0,WIFI
ee:98:2e:c8:63:00,Freifunk,[ESS],2019-03-17 05:19:17,5,-45,50.634692,6.948653,0,0,WIFI
d2:07:59:79:82:c0,Freifunk,[ESS],2019-03-17 05:19:17,5,-45,50.757581,7.173089,0,0,WIFI
46:73:55:40:49:00,Freifunk,[ESS],2019-03-17 05:19:17,5,-45,50.81509,7.15392,0,0,WIFI
aa:90:c4:b5:30:68,Freifunk,[ESS],2019-03-17 05:19:17,5,-45,50.8286323,7.12591588,0,0,WIFI
02:2c:9f:10:64:b0,Freifunk,[ESS],2019-03-17 05:19:17,5,-45,50.6233102,6.92782402,0,0,WIFI
7a:00:46:ff:15:c8,Freifunk,[ESS],2019-03-17 05:19:17,5,-45,50.81403283,7.16097772,0,0,WIFI
